[[21.28060117,84.13465783],[21.28060100,84.13465750],[21.28060083,84.13465717],[21.28060100,84.13465667],[21.28060133,84.13465633],[21.28060133,84.13465617],[21.28060117,84.13465567],[21.28060100,84.13465533],[21.28060067,84.13465500],[21.28060017,84.13465483],[21.28059967,84.13465467],[21.28059933,84.13465467],[21.28059900,84.13465467],[21.28059883,84.13465417],[21.28059833,84.13465383],[21.28059783,84.13465333],[21.28059733,84.13465300],[21.28059700,84.13465283],[21.28059667,84.13465250],[21.28059633,84.13465217],[21.28059600,84.13465200],[21.28059567,84.13465183],[21.28059550,84.13465200],[21.28059517,84.13465250],[21.28059500,84.13465283],[21.28059533,84.13465333],[21.28059567,84.13465367],[21.28059733,84.13465167],[21.28059783,84.13465133],[21.28059717,84.13465033],[21.28059617,84.13464883],[21.28059500,84.13464767],[21.28059300,84.13464550],[21.28059100,84.13464350],[21.28058917,84.13464150],[21.28058667,84.13463900],[21.28058317,84.13463600],[21.28057933,84.13463283],[21.28057550,84.13462967],[21.28057150,84.13462750],[21.28057067,84.13462667],[21.28056983,84.13462550],[21.28056867,84.13462417],[21.28056733,84.13462267],[21.28056550,84.13462100],[21.28056500,84.13462000],[21.28056417,84.13461850],[21.28056317,84.13461733],[21.28056183,84.13461600],[21.28056033,84.13461517],[21.28056050,84.13461500],[21.28056050,84.13461467],[21.28056033,84.13461433],[21.28056000,84.13461417],[21.28056000,84.13461433],[21.28055950,84.13461450],[21.28055983,84.13461467],[21.28056000,84.13461500],[21.28056050,84.13461500],[21.28056083,84.13461500]]
[[21.28056167,84.13461517],[21.28056283,84.13461550],[21.28056417,84.13461550],[21.28056583,84.13461617],[21.28056700,84.13461650],[21.28056850,84.13461700],[21.28056983,84.13461833],[21.28057000,84.13461800],[21.28057133,84.13461900],[21.28057100,84.13461867],[21.28057267,84.13461833],[21.28056767,84.13461733],[21.28056350,84.13461767],[21.28055433,84.13461600],[21.28053917,84.13461383],[21.28052567,84.13460917],[21.28051600,84.13460500],[21.28050750,84.13460683],[21.28050900,84.13460617],[21.28051267,84.13460717],[21.28051550,84.13460650],[21.28050417,84.13459883],[21.28050083,84.13459533],[21.28049867,84.13459217],[21.28049533,84.13458850],[21.28049433,84.13458550],[21.28049383,84.13458333],[21.28049500,84.13458200],[21.28049417,84.13458067],[21.28049483,84.13457950],[21.28049400,84.13457850],[21.28049450,84.13457783],[21.28049500,84.13457750],[21.28049533,84.13457717],[21.28049550,84.13457700],[21.28049583,84.13457683],[21.28049633,84.13457683],[21.28049700,84.13457700],[21.28049833,84.13457717],[21.28049950,84.13457700],[21.28050067,84.13457683],[21.28050133,84.13457617],[21.28050233,84.13457567],[21.28050300,84.13457433],[21.28050350,84.13457300],[21.28050400,84.13457183],[21.28050433,84.13457067],[21.28050500,84.13456967],[21.28050567,84.13456850],[21.28050650,84.13456733],[21.28050717,84.13456600],[21.28050767,84.13456517],[21.28050833,84.13456417],[21.28050867,84.13456300],[21.28050900,84.13456217],[21.28050917,84.13456150],[21.28050917,84.13456067],[21.28050933,84.13456017],[21.28050950,84.13455967],[21.28050967,84.13455900]]
[[21.28050983,84.13455867],[21.28050983,84.13455850],[21.28051000,84.13455883],[21.28050967,84.13455900],[21.28050917,84.13455917],[21.28050867,84.13455933],[21.28050833,84.13455950],[21.28050783,84.13455950],[21.28050667,84.13455983],[21.28050600,84.13455983],[21.28050550,84.13455950],[21.28050517,84.13455900],[21.28050500,84.13455833],[21.28050483,84.13455750],[21.28050450,84.13455683],[21.28050400,84.13455583],[21.28050383,84.13455483],[21.28050350,84.13455400],[21.28050300,84.13455300],[21.28050233,84.13455217],[21.28050183,84.13455150],[21.28050133,84.13455067],[21.28050117,84.13455000],[0.00000000,0.00000000],[21.28050100,84.13454883],[21.28050133,84.13454767],[21.28050167,84.13454617],[21.28050183,84.13454450],[21.28050217,84.13454233],[21.28050267,84.13454017],[21.28050300,84.13453817],[21.28050300,84.13453633],[21.28050400,84.13453400],[21.28050517,84.13453183],[21.28050583,84.13453033],[21.28050650,84.13452750],[21.28050750,84.13452467],[21.28050767,84.13452250],[21.28050800,84.13452017],[21.28050883,84.13451800],[21.28050867,84.13451600],[21.28050817,84.13451400],[21.28050783,84.13451167],[21.28050733,84.13450933],[21.28050600,84.13450750],[21.28050650,84.13450567],[21.28050583,84.13450433],[21.28050550,84.13450333],[21.28050533,84.13450167],[21.28050567,84.13450083],[21.28050517,84.13450000],[21.28050517,84.13449917],[21.28050533,84.13449850],[21.28050533,84.13449783],[21.28050550,84.13449717],[21.28050483,84.13449683],[21.28050500,84.13449650],[21.28050533,84.13449617],[21.28050583,84.13449583],[21.28050667,84.13449483]]
[[21.28050700,84.13449417],[0.00000000,0.00000000],[21.28051067,84.13448917],[21.28051217,84.13448700],[21.28051383,84.13448517],[21.28051517,84.13448367],[21.28051633,84.13448233],[21.28051733,84.13448100],[21.28051783,84.13448050],[21.28051817,84.13447967],[21.28051833,84.13447933],[21.28051850,84.13447850],[21.28051850,84.13447800],[21.28051850,84.13447767],[21.28051867,84.13447717],[21.28051867,84.13447700],[21.28051900,84.13447617],[21.28051900,84.13447567],[21.28051917,84.13447533],[21.28051933,84.13447517],[21.28051950,84.13447467],[21.28052017,84.13447400],[21.28052067,84.13447300],[21.28052150,84.13447217],[21.28052217,84.13447150],[21.28052233,84.13447133],[21.28052283,84.13447100],[21.28052333,84.13447067],[21.28052400,84.13447083],[21.28052417,84.13447117],[21.28052400,84.13447150],[21.28052367,84.13447183],[21.28052317,84.13447233],[21.28052250,84.13447333],[21.28052183,84.13447450],[21.28052117,84.13447567],[21.28052050,84.13447750],[21.28052050,84.13447950],[21.28051983,84.13448150],[21.28051983,84.13448367],[21.28051933,84.13448583],[21.28051817,84.13448883],[21.28051700,84.13449167],[21.28051583,84.13449417],[21.28051467,84.13449667],[21.28051250,84.13450100],[21.28051100,84.13450417],[21.28050933,84.13450733],[21.28050817,84.13451017],[21.28050633,84.13451350],[21.28050517,84.13451633],[21.28050433,84.13451817],[21.28050417,84.13451950],[21.28050383,84.13452117],[21.28050367,84.13452317],[21.28050317,84.13452450],[21.28050233,84.13452667],[21.28050133,84.13452917],[21.28050033,84.13453150],[21.28049933,84.13453400]]
[[21.28049867,84.13453617],[21.28049767,84.13453817],[21.28049633,84.13454017],[21.28049500,84.13454233],[21.28049417,84.13454433],[21.28049317,84.13454617],[21.28049250,84.13454783],[0.00000000,0.00000000],[21.28049067,84.13455167],[21.28048967,84.13455367],[21.28048900,84.13455550],[21.28048833,84.13455767],[21.28048800,84.13455933],[21.28048783,84.13456050],[21.28048767,84.13456183],[21.28048800,84.13456267],[21.28048817,84.13456333],[21.28048850,84.13456400],[21.28048900,84.13456433],[21.28048917,84.13456483],[21.28048917,84.13456517],[21.28048950,84.13456550],[21.28049000,84.13456550],[21.28049017,84.13456533],[21.28049033,84.13456500],[21.28049033,84.13456467],[21.28049017,84.13456417],[21.28048950,84.13456350],[21.28048950,84.13456283],[21.28048933,84.13456217],[21.28048917,84.13456133],[21.28048883,84.13456083],[21.28048867,84.13456033],[21.28048867,84.13455983],[21.28048883,84.13455933],[21.28048867,84.13455867],[21.28048850,84.13455833],[21.28048850,84.13455800],[21.28048850,84.13455767],[21.28048850,84.13455717],[21.28048867,84.13455667],[21.28048900,84.13455617],[21.28048883,84.13455550],[21.28048850,84.13455433],[21.28048767,84.13455467],[21.28048667,84.13455483],[21.28048617,84.13455417],[21.28048567,84.13455383],[21.28048500,84.13455350],[21.28048383,84.13455300],[21.28048267,84.13455283],[21.28048133,84.13455300],[21.28048083,84.13455333],[21.28047983,84.13455367],[21.28047917,84.13455433],[21.28047883,84.13455483],[21.28047783,84.13455567],[21.28047700,84.13455700],[21.28047650,84.13455867],[21.28047567,84.13456133]]
[[21.28047500,84.13456367],[21.28047450,84.13456483],[21.28047350,84.13456550],[21.28047283,84.13456550],[21.28047200,84.13456617],[21.28047167,84.13456700],[21.28047067,84.13456783],[21.28047000,84.13456900],[21.28046967,84.13456983],[21.28046967,84.13457000],[21.28047000,84.13457000],[21.28047017,84.13457000],[21.28047017,84.13457017],[21.28047017,84.13457050],[21.28047050,84.13457117],[21.28047033,84.13457200],[21.28047000,84.13457267],[21.28047017,84.13457317],[21.28047033,84.13457367],[21.28047067,84.13457400],[21.28047117,84.13457433],[21.28047167,84.13457433],[21.28047217,84.13457483],[21.28047250,84.13457533],[21.28047283,84.13457567],[21.28047333,84.13457583],[21.28047383,84.13457617],[21.28047483,84.13457617],[21.28047517,84.13457600],[21.28047600,84.13457583],[21.28047700,84.13457567],[21.28047700,84.13457517],[21.28047800,84.13457467],[21.28047900,84.13457450],[21.28048000,84.13457450],[21.28048067,84.13457450],[21.28048133,84.13457483],[21.28048217,84.13457517],[21.28048350,84.13457517],[21.28048483,84.13457483],[21.28048583,84.13457433],[21.28048683,84.13457367],[21.28048817,84.13457250],[21.28048967,84.13457117],[21.28049083,84.13457017],[21.28049233,84.13456950],[21.28049317,84.13456883],[21.28049417,84.13456850],[21.28049500,84.13456850],[21.28049567,84.13456850],[21.28049650,84.13456817],[21.28049717,84.13456783],[21.28049833,84.13456650],[21.28049900,84.13456600],[21.28050017,84.13456550],[21.28050067,84.13456533],[21.28050083,84.13456533],[21.28050100,84.13456500],[21.28050133,84.13456483],[21.28050200,84.13456400]]
[[21.28050283,84.13456250],[21.28050317,84.13456233],[21.28050367,84.13456233],[21.28050450,84.13456217],[21.28050450,84.13456233],[21.28050567,84.13456117],[21.28050600,84.13456117],[21.28050550,84.13456133],[21.28050500,84.13456133],[21.28050433,84.13456150],[21.28050400,84.13456183],[21.28050367,84.13456217],[21.28050350,84.13456283],[21.28050300,84.13456300],[21.28050233,84.13456350],[21.28050167,84.13456400],[21.28050117,84.13456433],[21.28050117,84.13456483],[21.28050083,84.13456533],[21.28050033,84.13456567],[21.28049967,84.13456583],[21.28049900,84.13456550],[21.28049800,84.13456617],[21.28049633,84.13456783],[21.28049483,84.13457000],[21.28049333,84.13457217],[21.28049183,84.13457417],[21.28049017,84.13457600],[21.28048933,84.13457733],[21.28048867,84.13457967],[21.28048833,84.13458117],[21.28048883,84.13458300],[21.28048933,84.13458383],[21.28049017,84.13458550],[21.28049050,84.13458717],[21.28049100,84.13458900],[21.28049083,84.13459100],[21.28049100,84.13459217],[21.28049083,84.13459383],[21.28049117,84.13459483],[21.28049133,84.13459567],[21.28049100,84.13459650],[21.28049000,84.13459867],[21.28048933,84.13460133],[21.28048800,84.13460283],[21.28048767,84.13460550],[21.28048750,84.13460783],[21.28048717,84.13461000],[21.28048667,84.13461200],[21.28048650,84.13461350],[21.28048650,84.13461500],[21.28048683,84.13461567],[21.28048683,84.13461700],[21.28048650,84.13461767],[21.28048617,84.13461867],[21.28048600,84.13461983],[21.28048583,84.13462183],[21.28048600,84.13462383],[21.28048667,84.13462550],[21.28048717,84.13462650]]
[[21.28048750,84.13462717],[21.28048867,84.13462933],[21.28048883,84.13463033],[21.28048833,84.13463167],[21.28048750,84.13463383],[21.28048683,84.13463550],[21.28048650,84.13463683],[21.28048567,84.13463833],[21.28048500,84.13464000],[21.28048433,84.13464067],[21.28048417,84.13464133],[21.28048400,84.13464200],[21.28048400,84.13464217],[21.28048383,84.13464283],[21.28048317,84.13464367],[21.28048250,84.13464433],[21.28048200,84.13464517],[21.28048167,84.13464617],[21.28048117,84.13464700],[21.28048083,84.13464750],[21.28048050,84.13464767],[21.28048033,84.13464783],[21.28047983,84.13464817],[21.28047933,84.13464850],[21.28047900,84.13464883],[21.28047867,84.13464917],[21.28047850,84.13464950],[21.28047817,84.13465000],[21.28047817,84.13465050],[21.28047800,84.13465100],[21.28047800,84.13465117],[21.28047800,84.13465183],[21.28047817,84.13465217],[21.28047867,84.13465250],[21.28047900,84.13465283],[21.28047950,84.13465333],[21.28048017,84.13465400],[21.28048133,84.13465450],[21.28048233,84.13465483],[21.28048367,84.13465567],[21.28048517,84.13465617],[21.28048650,84.13465667],[21.28048767,84.13465733],[21.28048867,84.13465783],[21.28048983,84.13465800],[21.28048967,84.13465733],[21.28048850,84.13465600],[21.28048850,84.13465500],[21.28048733,84.13465250],[21.28048350,84.13464783],[21.28048067,84.13464383],[21.28047950,84.13464200],[21.28047817,84.13464033],[21.28047917,84.13463950],[21.28047950,84.13463833],[21.28047917,84.13463700],[21.28047883,84.13463550],[21.28047733,84.13463400],[21.28047667,84.13463200],[21.28047517,84.13462933]]
[[21.28047383,84.13462517],[21.28047133,84.13462000],[21.28046883,84.13461500],[21.28046450,84.13460950],[21.28046200,84.13460583],[21.28045933,84.13460167],[21.28045767,84.13459833],[21.28045533,84.13459600],[21.28045417,84.13459517],[21.28045350,84.13459383],[21.28045317,84.13459217],[21.28045283,84.13459017],[21.28045300,84.13458683],[21.28045300,84.13458417],[21.28045283,84.13458200],[21.28045267,84.13458050],[21.28045233,84.13457900],[21.28045217,84.13457783],[21.28045167,84.13457700],[21.28045117,84.13457633],[21.28045083,84.13457550],[21.28045033,84.13457517],[21.28044983,84.13457533],[21.28044950,84.13457533],[21.28044900,84.13457550],[21.28044850,84.13457583],[21.28044783,84.13457617],[21.28044717,84.13457650],[21.28044617,84.13457683],[21.28044533,84.13457683],[21.28044433,84.13457700],[21.28044350,84.13457733],[21.28044267,84.13457750],[21.28044167,84.13457750],[21.28044050,84.13457733],[21.28043950,84.13457700],[21.28043833,84.13457667],[21.28043750,84.13457650],[21.28043800,84.13457517],[21.28043750,84.13457433],[21.28043767,84.13457267],[21.28043733,84.13457117],[21.28043733,84.13457000],[21.28043767,84.13456750],[21.28043750,84.13456567],[21.28043717,84.13456400],[21.28043683,84.13456233],[21.28043650,84.13456033],[21.28043667,84.13455833],[21.28043750,84.13455633],[21.28043850,84.13455517],[21.28043850,84.13455450],[21.28043783,84.13455450],[21.28043700,84.13455517],[21.28043633,84.13455467],[21.28043567,84.13455533],[21.28043533,84.13455600],[21.28043500,84.13455683],[21.28043483,84.13455767],[21.28043467,84.13455800]]
[[21.28043467,84.13455850],[21.28043450,84.13455950],[21.28043383,84.13456067],[21.28043400,84.13456150],[0.00000000,0.00000000],[21.28043333,84.13456200],[21.28043300,84.13456217],[21.28043233,84.13456217],[21.28043150,84.13456167],[21.28043050,84.13456150],[21.28042967,84.13456150],[21.28042900,84.13456100],[21.28042867,84.13456083],[21.28042800,84.13456050],[21.28042733,84.13456050],[21.28042683,84.13456050],[21.28042617,84.13456000],[21.28042550,84.13455967],[21.28042567,84.13455967],[21.28042633,84.13456033],[21.28042667,84.13456150],[21.28042733,84.13456200],[21.28042700,84.13456233],[21.28042667,84.13456217],[21.28042650,84.13456083],[21.28042650,84.13456117],[21.28042183,84.13456050],[21.28041617,84.13455950],[21.28041250,84.13455983],[21.28040750,84.13455850],[21.28040383,84.13455667],[21.28040250,84.13455617],[21.28040050,84.13456183],[21.28039950,84.13456017],[21.28039850,84.13455817],[21.28039617,84.13455733],[21.28039100,84.13455783],[21.28038867,84.13455717],[21.28038933,84.13455700],[21.28039067,84.13455633],[21.28038850,84.13455867],[21.28038667,84.13456017],[21.28038483,84.13456117],[21.28038367,84.13456167],[21.28038300,84.13456250],[21.28038333,84.13456283],[21.28038367,84.13456333],[21.28038383,84.13456333],[21.28038433,84.13456333],[21.28038483,84.13456350],[21.28038600,84.13456317],[21.28038700,84.13456267],[21.28038817,84.13456233],[21.28038967,84.13456167],[21.28039100,84.13456133],[21.28039200,84.13456050],[21.28039250,84.13455950],[21.28039317,84.13455850],[21.28039367,84.13455717],[21.28039417,84.13455633]]
[[21.28039450,84.13455550],[21.28039467,84.13455383],[21.28039483,84.13455233],[21.28039500,84.13455150],[21.28039533,84.13455083],[21.28039533,84.13455017],[21.28039550,84.13454933],[21.28039650,84.13454850],[21.28039717,84.13454800],[21.28039717,84.13454717],[21.28039717,84.13454683],[21.28039733,84.13454667],[21.28039750,84.13454617],[21.28039783,84.13454600],[21.28039800,84.13454550],[21.28039783,84.13454517],[21.28039767,84.13454467],[21.28039700,84.13454383],[21.28039650,84.13454333],[21.28039550,84.13454317],[21.28039517,84.13454317],[21.28039500,84.13454267],[21.28039467,84.13454250],[21.28039450,84.13454217],[21.28039467,84.13454217],[21.28039450,84.13454150],[21.28039450,84.13454117],[21.28039450,84.13454117],[21.28039450,84.13454100],[21.28039417,84.13454083],[21.28039433,84.13454083],[21.28039417,84.13454100],[21.28039367,84.13454117],[21.28039300,84.13454117],[21.28039233,84.13454100],[21.28039133,84.13454100],[21.28039050,84.13454100],[21.28038967,84.13454117],[21.28038883,84.13454150],[21.28038817,84.13454200],[21.28038767,84.13454233],[21.28038717,84.13454283],[21.28038633,84.13454300],[21.28038517,84.13454300],[21.28038400,84.13454283],[21.28038317,84.13454317],[21.28038233,84.13454317],[21.28038117,84.13454350],[21.28038017,84.13454350],[21.28037917,84.13454367],[21.28037783,84.13454383],[21.28037650,84.13454417],[21.28037550,84.13454467],[21.28037450,84.13454500],[21.28037350,84.13454550],[21.28037250,84.13454617],[21.28037167,84.13454650],[21.28037100,84.13454667],[21.28037067,84.13454683],[21.28036983,84.13454750]]
[[21.28036900,84.13454817],[21.28036700,84.13454933],[21.28036550,84.13455033],[21.28036517,84.13455083],[21.28036483,84.13455067],[21.28036467,84.13455083],[21.28036433,84.13455050],[21.28036367,84.13455017],[21.28036333,84.13455000],[21.28036300,84.13454983],[21.28036267,84.13454983],[21.28036250,84.13454983],[21.28036233,84.13454983],[21.28036167,84.13454967],[21.28036117,84.13454967],[21.28036100,84.13454983],[21.28036083,84.13454983],[21.28036067,84.13455017],[21.28036033,84.13455017],[21.28036017,84.13455067],[21.28036000,84.13455083],[21.28035950,84.13455117],[21.28035900,84.13455133],[21.28035883,84.13455167],[21.28035867,84.13455217],[21.28035867,84.13455267],[21.28035850,84.13455350],[21.28035800,84.13455400],[21.28035750,84.13455483],[21.28035700,84.13455567],[21.28035617,84.13455683],[21.28035533,84.13455800],[21.28035433,84.13455900],[21.28035267,84.13456083],[21.28034850,84.13456550],[21.28034533,84.13456900],[21.28034233,84.13457267],[21.28034017,84.13457533],[21.28033833,84.13457683],[21.28033733,84.13457833],[21.28033650,84.13457950],[21.28033617,84.13458017],[21.28033633,84.13458083],[21.28033617,84.13458117],[21.28033633,84.13458183],[21.28033633,84.13458233],[21.28033667,84.13458267],[21.28033700,84.13458267],[21.28033717,84.13458267],[21.28033767,84.13458267],[21.28033817,84.13458283],[21.28[21.28033850,84.13458200],[21.28033850,84.13458167],[21.28033867,84.13458100],[21.28033867,84.13458100],[21.28033850,84.13458067],[21.28033867,84.13458033],[21.28033883,84.13457983],[21.28033917,84.13457950]]
[[21.28033517,84.13459133],[21.28034100,84.13459533],[21.28034333,84.13459700],[21.28034433,84.13459767],[21.28034567,84.13459750],[21.28034667,84.13459767],[21.28034883,84.13459867],[21.28035117,84.13459950],[21.28035250,84.13459983],[21.28035350,84.13460017],[21.28035450,84.13460050],[21.28035483,84.13460067],[21.28035550,84.13460033],[21.28035667,84.13460067],[21.28035733,84.13460033],[21.28035783,84.13460000],[21.28035867,84.13460017],[21.28035950,84.13459983],[21.28036017,84.13459950],[21.28036100,84.13459900],[21.28036167,84.13459883],[21.28036267,84.13459883],[21.28036333,84.13459867],[21.28036417,84.13459867],[21.28036500,84.13459900],[21.28036583,84.13459933],[21.28036650,84.13459967],[21.28036700,84.13460000],[21.28036800,84.13460033],[21.28036883,84.13460050],[21.28037000,84.13460083],[21.28037033,84.13460150],[21.28037017,84.13460267],[21.28037067,84.13460433],[21.28037100,84.13460517],[21.28037133,84.13460583],[21.28037117,84.13460717],[21.28037117,84.13460850],[21.28037133,84.13460967],[21.28037183,84.13461133],[21.28037200,84.13461283],[21.28037217,84.13461450],[21.28037267,84.13461600],[21.28037300,84.13461767],[21.28037317,84.13461933],[21.28037283,84.13462083],[21.28037300,84.13462250],[21.28037283,84.13462400],[21.28037283,84.13462600],[21.28037267,84.13462750],[21.28037250,84.13462900],[21.28037217,84.13463017],[21.28037250,84.13463100],[21.28037300,84.13463200],[21.28037317,84.13463300],[21.28037317,84.13463400],[21.28037300,84.13463517],[21.28037317,84.13463567],[21.28037350,84.13463617],[21.28037367,84.13463683]]
[[21.28210983,84.13444150],[21.28211000,84.13444183],[21.28211017,84.13444217],[21.28211050,84.13444267],[21.28211083,84.13444317],[21.28211133,84.13444367],[21.28211167,84.13444433],[21.28211217,84.13444517],[21.28211250,84.13444567],[21.28211300,84.13444617],[21.28211367,84.13444667],[21.28211417,84.13444717],[21.28211450,84.13444767],[21.28211483,84.13444800],[21.28211517,84.13444833],[21.28211533,84.13444850],[21.28211567,84.13444867],[21.28211567,84.13444900],[21.28211583,84.13444950],[21.28211583,84.13445000],[21.28211600,84.13445067],[21.28211617,84.13445133],[21.28211650,84.13445200],[21.28211650,84.13445250],[21.28211617,84.13445283],[21.28211567,84.13445333],[21.28211517,84.13445383],[21.28211450,84.13445450],[21.28211417,84.13445533],[21.28211383,84.13445633],[21.28211300,84.13445733],[21.28211233,84.13445817],[21.28211183,84.13445900],[21.28211133,84.13445967],[21.28211100,84.13446050],[21.28211067,84.13446117],[21.28211017,84.13446200],[21.28210983,84.13446267],[21.28210950,84.13446333],[21.28210900,84.13446400],[21.28210867,84.13446433],[21.28210833,84.13446483],[21.28210767,84.13446517],[21.28210717,84.13446567],[21.28210650,84.13446667],[21.28210567,84.13446800],[21.28210500,84.13446883],[21.28210450,84.13446967],[21.28210417,84.13447050],[21.28210400,84.13447100],[21.28210367,84.13447150],[21.28210350,84.13447200],[21.28210350,84.13447233],[21.28210367,84.13447250],[21.28210383,84.13447267],[21.28210400,84.13447300],[21.28210417,84.13447333],[21.28210433,84.13447333],[21.28210450,84.13447350],[21.28210483,84.13447367]]
[[21.28210517,84.13447417],[21.28210567,84.13447450],[21.28210600,84.13447433],[21.28210650,84.13447450],[21.28210700,84.13447467],[21.28210750,84.13447467],[21.28210800,84.13447433],[21.28210833,84.13447433],[21.28210867,84.13447450],[21.28210883,84.13447450],[21.28210883,84.13447450],[21.28210883,84.13447433],[21.28210883,84.13447417],[21.28210883,84.13447400],[21.28210867,84.13447367],[21.28210883,84.13447333],[21.28210933,84.13447283],[21.28211000,84.13447217],[21.28211083,84.13447133],[21.28211200,84.13447067],[21.28211350,84.13446967],[21.28211483,84.13446900],[21.28211633,84.13446833],[21.28211767,84.13446767],[21.28211900,84.13446683],[21.28212000,84.13446617],[21.28212100,84.13446533],[21.28212200,84.13446433],[21.28212283,84.13446317],[21.28212367,84.13446183],[21.28212433,84.13446067],[21.28212467,84.13445950],[21.28212500,84.13445817],[21.28212550,84.13445700],[21.28212633,84.13445550],[21.28212683,84.13445433],[21.28212767,84.13445383],[21.28212850,84.13445317],[21.28212933,84.13445267],[21.28213000,84.13445217],[21.28213067,84.13445183],[21.28213083,84.13445183],[21.28213117,84.13445167],[21.28213167,84.13445167],[21.28213200,84.13445200],[21.28213233,84.13445217],[21.28213267,84.13445233],[21.28213300,84.13445283],[21.28213317,84.13445367],[21.28213333,84.13445417],[21.28213367,84.13445417],[21.28213400,84.13445433],[21.28213417,84.13445483],[21.28213450,84.13445550],[21.28213483,84.13445567],[21.28213500,84.13445650],[21.28213517,84.13445717],[21.28213533,84.13445783],[21.28213550,84.13445867],[21.28213533,84.13445900]]
[[21.28213517,84.13445967],[21.28213533,84.13445983],[21.28213517,84.13446000],[21.28213500,84.13446050],[21.28213483,84.13446100],[21.28213467,84.13446150],[21.28213450,84.13446183],[21.28213450,84.13446233],[21.28213433,84.13446267],[21.28213450,84.13446317],[21.28213450,84.13446383],[21.28213433,84.13446433],[21.28213433,84.13446467],[21.28213433,84.13446517],[21.28213450,84.13446550],[21.28213450,84.13446617],[21.28213450,84.13446650],[21.28213467,84.13446700],[21.28213483,84.13446733],[21.28213500,84.13446750],[21.28213517,84.13446783],[21.28213517,84.13446817],[21.28213533,84.13446883],[21.28213567,84.13446950],[21.28213583,84.13447033],[21.28213617,84.13447133],[21.28213633,84.13447200],[21.28213650,84.13447283],[21.28213667,84.13447367],[21.28213683,84.13447417],[21.28213700,84.13447467],[21.28213700,84.13447500],[21.28213683,84.13447567],[21.28213650,84.13447600],[21.28213600,84.13447633],[21.28213500,84.13447683],[21.28213400,84.13447733],[21.28213317,84.13447767],[21.28213250,84.13447817],[21.28213217,84.13447850],[21.28213133,84.13447850],[21.28213033,84.13447867],[21.28212950,84.13447850],[21.28212900,84.13447783],[21.28212833,84.13447717],[21.28212750,84.13447633],[21.28212717,84.13447550],[21.28212683,84.13447450],[21.28212650,84.13447367],[21.28212617,84.13447317],[21.28212667,84.13447217],[21.28212700,84.13447133],[21.28212750,84.13447067],[21.28212800,84.13447033],[21.28212867,84.13446967],[21.28212900,84.13446933],[21.28212933,84.13446900],[21.28212950,84.13446867],[21.28212933,84.13446800],[21.28212883,84.13446783]]
[[21.28212933,84.13446683],[21.28212967,84.13446617],[21.28213000,84.13446533],[21.28213017,84.13446467],[21.28213067,84.13446417],[21.28213133,84.13446350],[21.28213200,84.13446267],[21.28213250,84.13446150],[21.28213267,84.13446050],[21.28213317,84.13445950],[21.28213350,84.13445883],[21.28213367,84.13445833],[21.28213383,84.13445783],[21.28213383,84.13445783],[21.28213400,84.13445750],[21.28213417,84.13445700],[21.28213383,84.13445667],[21.28213383,84.13445650],[21.28213383,84.13445667],[21.28213350,84.13445633],[21.28213317,84.13445617],[21.28213300,84.13445583],[21.28213283,84.13445533],[21.28213283,84.13445483],[21.28213250,84.13445450],[21.28213267,84.13445383],[21.28213300,84.13445333],[21.28213350,84.13445300],[21.28213400,84.13445250],[21.28213450,84.13445217],[21.28213533,84.13445133],[21.28213600,84.13445033],[21.28213667,84.13444950],[21.28213750,84.13444850],[21.28213783,84.13444767],[21.28213850,84.13444667],[21.28213917,84.13444600],[21.28213950,84.13444533],[21.28214017,84.13444467],[21.28214050,84.13444417],[21.28214083,84.13444367],[21.28214100,84.13444333],[21.28214133,84.13444300],[21.28214133,84.13444250],[21.28214167,84.13444200],[21.28214200,84.13444183],[21.28214250,84.13444167],[21.28214217,84.13444133],[21.28214133,84.13444100],[21.28214083,84.13444050],[21.28214067,84.13444017],[21.28214067,84.13444000],[21.28214050,84.13443967],[21.28214017,84.13443967],[21.28214017,84.13443933],[21.28214000,84.13443900],[21.28213950,84.13443883],[21.28213933,84.13443833],[21.28213917,84.13443800],[21.28213900,84.13443783]]
[[21.28213883,84.13443767],[21.28213850,84.13443700],[21.28213850,84.13443667],[0.00000000,0.00000000],[21.28213867,84.13443633],[21.28213817,84.13443567],[21.28213783,84.13443533],[21.28213783,84.13443517],[0.00000000,0.00000000],[21.28213750,84.13443483],[21.28213717,84.13443467],[21.28213733,84.13443467],[21.28213717,84.13443467],[21.28213717,84.13443467],[21.28213717,84.13443483],[21.28213717,84.13443517],[21.28213717,84.13443550],[21.28213700,84.13443583],[21.28213683,84.13443617],[21.28213633,84.13443683],[21.28213600,84.13443733],[21.28213550,84.13443800],[21.28213517,84.13443883],[21.28213467,84.13443933],[21.28213417,84.13444017],[21.28213367,84.13444100],[21.28213317,84.13444167],[21.28213283,84.13444233],[21.28213267,84.13444300],[21.28213250,84.13444400],[21.28213200,84.13444517],[21.28213200,84.13444600],[21.28213217,84.13444650],[21.28213217,84.13444683],[21.28213250,84.13444733],[21.28213283,84.13444800],[21.28213350,84.13444883],[21.28213417,84.13444950],[21.28213467,84.13445017],[21.28213517,84.13445100],[21.28213517,84.13445167],[21.28213567,84.13445267],[21.28213617,84.13445317],[21.28213650,84.13445333],[21.28213700,84.13445333],[21.28213750,84.13445333],[21.28213817,84.13445317],[21.28213833,84.13445333],[21.28213867,84.13445350],[21.28213900,84.13445367],[21.28213950,84.13445417],[21.28213983,84.13445450],[21.28214017,84.13445500],[21.28214050,84.13445567],[21.28214083,84.13445617],[21.28214083,84.13445667],[21.28214067,84.13445683],[21.28214050,84.13445700],[21.28214017,84.13445717],[21.28213983,84.13445733]]
[[21.28213983,84.13445683],[21.28213967,84.13445683],[21.28213950,84.13445667],[21.28213917,84.13445667],[21.28213900,84.13445700],[21.28213917,84.13445667],[21.28213950,84.13445633],[21.28213967,84.13445650],[21.28213967,84.13445717],[21.28213983,84.13445783],[21.28214000,84.13445833],[21.28213983,84.13445917],[21.28214000,84.13446017],[21.28213983,84.13446100],[21.28213967,84.13446183],[21.28213950,84.13446250],[21.28213950,84.13446350],[21.28213933,84.13446433],[21.28213917,84.13446500],[21.28213883,84.13446600],[21.28213883,84.13446683],[21.28213867,84.13446783],[21.28213867,84.13446867],[21.28213850,84.13446933],[21.28213833,84.13447017],[21.28213817,84.13447100],[21.28213817,84.13447167],[21.28213800,84.13447233],[21.28213817,84.13447283],[21.28213817,84.13447333],[21.28213800,84.13447367],[21.28213800,84.13447433],[21.28213800,84.13447500],[21.28213767,84.13447550],[21.28213750,84.13447600],[21.28213750,84.13447650],[21.28213750,84.13447683],[21.28213767,84.13447767],[21.28213783,84.13447867],[21.28213783,84.13447967],[21.28213767,84.13448050],[21.28213750,84.13448133],[21.28213733,84.13448183],[21.28213733,84.13448283],[21.28213717,84.13448350],[21.28213717,84.13448433],[21.28213717,84.13448500],[21.28213700,84.13448567],[21.28213667,84.13448617],[21.28213650,84.13448700],[21.28213650,84.13448783],[21.28213683,84.13448867],[21.28213700,84.13448950],[21.28213683,84.13449017],[21.28213633,84.13449033],[21.28213633,84.13449083],[21.28213600,84.13449133],[21.28213583,84.13449167],[21.28213550,84.13449167],[21.28213483,84.13449183]]
[[21.28213467,84.13449183],[21.28213433,84.13449183],[21.28213367,84.13449167],[21.28213317,84.13449167],[21.28213283,84.13449167],[21.28213233,84.13449167],[21.28213233,84.13449167],[21.28213233,84.13449167],[21.28213267,84.13449183],[21.28213300,84.13449200],[21.28213367,84.13449233],[21.28213400,84.13449233],[21.28213417,84.13449250],[21.28213450,84.13449267],[21.28213483,84.13449250],[21.28213533,84.13449250],[21.28213550,84.13449233],[21.28213583,84.13449200],[21.28213633,84.13449183],[21.28213700,84.13449200],[21.28213800,84.13449250],[21.28213900,84.13449300],[21.28213983,84.13449350],[21.28214083,84.13449400],[21.28214167,84.13449450],[21.28214233,84.13449483],[21.28214267,84.13449483],[21.28214283,84.13449483],[21.28214283,84.13449500],[21.28214283,84.13449517],[21.28214283,84.13449533],[21.28214283,84.13449550],[21.28214283,84.13449583],[21.28214250,84.13449583],[21.28214217,84.13449583],[21.28214100,84.13449567],[21.28213950,84.13449550],[21.28213817,84.13449533],[21.28213700,84.13449517],[21.28213583,84.13449483],[21.28213467,84.13449450],[21.28213367,84.13449417],[21.28213267,84.13449400],[21.28213150,84.13449400],[21.28213033,84.13449383],[21.28212933,84.13449367],[21.28212833,84.13449367],[21.28212700,84.13449333],[21.28212583,84.13449317],[21.28212467,84.13449317],[21.28212367,84.13449333],[21.28212300,84.13449350],[21.28212217,84.13449383],[21.28212133,84.13449400],[21.28212050,84.13449433],[21.28211967,84.13449467],[21.28211900,84.13449517],[21.28211817,84.13449517],[21.28211733,84.13449517],[21.28211633,84.13449517]]
[[21.28211500,84.13449517],[21.28211317,84.13449500],[0.00000000,0.00000000],[21.28210950,84.13449467],[21.28210817,84.13449467],[21.28210667,84.13449433],[21.28210567,84.13449400],[21.28210450,84.13449383],[21.28210317,84.13449350],[21.28210267,84.13449350],[21.28210217,84.13449350],[21.28210150,84.13449350],[21.28210083,84.13449350],[21.28210050,84.13449350],[21.28210000,84.13449350],[21.28209950,84.13449383],[21.28209900,84.13449417],[21.28209867,84.13449467],[21.28209817,84.13449483],[21.28209767,84.13449517],[21.28209750,84.13449533],[21.28209700,84.13449567],[21.28209667,84.13449567],[21.28209633,84.13449617],[21.28209617,84.13449650],[21.28209617,84.13449700],[21.28209617,84.13449733],[21.28209650,84.13449750],[21.28209717,84.13449800],[21.28209783,84.13449817],[21.28209833,84.13449850],[21.28209933,84.13449867],[21.28210017,84.13449883],[21.28210083,84.13449883],[21.28210117,84.13449900],[21.28210167,84.13449900],[21.28210183,84.13449883],[21.28210200,84.13449883],[21.28210217,84.13449883],[21.28210233,84.13449850],[21.28210233,84.13449817],[21.28210233,84.13449783],[21.28210233,84.13449717],[21.28210250,84.13449683],[21.28210283,84.13449650],[21.28210333,84.13449617],[21.28210383,84.13449567],[21.28210433,84.13449550],[21.28210483,84.13449567],[21.28210517,84.13449533],[21.28210533,84.13449517],[21.28210567,84.13449483],[21.28210600,84.13449450],[21.28210650,84.13449400],[21.28210700,84.13449367],[21.28210750,84.13449333],[21.28210817,84.13449317],[21.28210867,84.13449300],[21.28210933,84.13449283],[21.28211000,84.13449267]]
[[21.28211083,84.13449200],[21.28211167,84.13449100],[21.28211217,84.13449017],[21.28211283,84.13448933],[21.28211333,84.13448867],[21.28211367,84.13448767],[21.28211400,84.13448683],[21.28211417,84.13448617],[21.28211450,84.13448567],[21.28211500,84.13448533],[21.28211533,84.13448517],[21.28211600,84.13448517],[21.28211667,84.13448533],[21.28211717,84.13448517],[21.28211733,84.13448500],[21.28211783,84.13448483],[21.28211833,84.13448467],[21.28211883,84.13448450],[21.28211933,84.13448433],[21.28212000,84.13448417],[21.28212050,84.13448383],[21.28212083,84.13448350],[21.28212117,84.13448300],[21.28212117,84.13448267],[21.28212117,84.13448267],[21.28212117,84.13448233],[21.28212117,84.13448200],[21.28212100,84.13448167],[21.28212100,84.13448117],[21.28212133,84.13448083],[21.28212150,84.13448033],[21.28212150,84.13447983],[21.28212167,84.13447967],[21.28212200,84.13447950],[21.28212233,84.13447933],[21.28212267,84.13447900],[21.28212267,84.13447850],[21.28212233,84.13447817],[21.28212233,84.13447783],[21.28212233,84.13447750],[21.28212217,84.13447700],[21.28212233,84.13447667],[21.28212250,84.13447633],[21.28212317,84.13447600],[21.28212367,84.13447583],[21.28212400,84.13447550],[21.28212417,84.13447500],[21.28212433,84.13447467],[21.28212433,84.13447417],[21.28212400,84.13447350],[21.28212367,84.13447283],[21.28212333,84.13447200],[21.28212300,84.13447133],[21.28212250,84.13447050],[21.28212200,84.13446967],[21.28212183,84.13446883],[21.28212167,84.13446800],[21.28212167,84.13446750],[21.28212167,84.13446700],[21.28212167,84.13446650]]
[[21.28212167,84.13446600],[21.28212183,84.13446567],[0.00000000,0.00000000],[21.28212267,84.13446500],[21.28212333,84.13446467],[21.28212383,84.13446450],[21.28212450,84.13446417],[21.28212517,84.13446383],[21.28212600,84.13446367],[21.28212700,84.13446333],[21.28212783,84.13446317],[21.28212817,84.13446300],[21.28212867,84.13446283],[0.00000000,0.00000000],[21.28212900,84.13446233],[21.28212900,84.13446217],[21.28212900,84.13446183],[21.28212917,84.13446167],[21.28212950,84.13446150],[21.28213000,84.13446150],[21.28213067,84.13446133],[21.28213117,84.13446117],[21.28213183,84.13446117],[21.28213217,84.13446117],[21.28213267,84.13446100],[21.28213283,84.13446100],[21.28213317,84.13446100],[21.28213350,84.13446117],[21.28213400,84.13446100],[21.28213433,84.13446050],[21.28213450,84.13446000],[21.28213450,84.13445950],[21.28213450,84.13445933],[21.28213450,84.13445883],[21.28213450,84.13445867],[21.28213433,84.13445867],[21.28213417,84.13445867],[21.28213417,84.13445867],[21.28213400,84.13445867],[21.28213367,84.13445867],[21.28213367,84.13445883],[21.28213367,84.13445867],[21.28213333,84.13445833],[21.28213333,84.13445850],[21.28213333,84.13445850],[21.28213350,84.13445867],[21.28213367,84.13445867],[21.28213367,84.13445850],[21.28213350,84.13445817],[21.28213300,84.13445800],[21.28213250,84.13445783],[21.28213200,84.13445750],[21.28213150,84.13445733],[21.28213083,84.13445683],[21.28213033,84.13445633],[21.28212950,84.13445633],[21.28212883,84.13445600],[21.28212833,84.13445567],[21.28212783,84.13445533],[21.28212750,84.13445533]]
[[21.28212700,84.13445517],[21.28212633,84.13445467],[21.28212600,84.13445450],[21.28212550,84.13445417],[21.28212500,84.13445400],[21.28212433,84.13445350],[21.28212400,84.13445333],[21.28212350,84.13445350],[21.28212300,84.13445350],[21.28212283,84.13445350],[21.28212233,84.13445367],[21.28212183,84.13445383],[21.28212117,84.13445383],[21.28212017,84.13445400],[21.28211950,84.13445417],[21.28211850,84.13445433],[21.28211783,84.13445417],[21.28211700,84.13445450],[21.28211600,84.13445450],[21.28211483,84.13445450],[21.28211400,84.13445467],[21.28211317,84.13445483],[21.28211250,84.13445533],[21.28211167,84.13445567],[21.28211117,84.13445583],[21.28211050,84.13445617],[21.28211000,84.13445650],[21.28210933,84.13445667],[21.28210850,84.13445683],[21.28210767,84.13445700],[21.28210667,84.13445700],[21.28210583,84.13445700],[21.28210533,84.13445717],[21.28210500,84.13445717],[21.28210450,84.13445717],[21.28210417,84.13445700],[21.28210400,84.13445700],[21.28210383,84.13445700],[21.28210350,84.13445700],[21.28210350,84.13445700],[21.28210350,84.13445667],[21.28210350,84.13445650],[21.28210350,84.13445650],[21.28210333,84.13445633],[21.28210317,84.13445650],[21.28210283,84.13445650],[21.28210300,84.13445633],[21.28210300,84.13445617],[21.28210317,84.13445617],[21.28210333,84.13445583],[21.28210333,84.13445567],[21.28210333,84.13445533],[21.28210367,84.13445517],[21.28210383,84.13445517],[21.28210400,84.13445500],[21.28210417,84.13445500],[21.28210433,84.13445500],[21.28210467,84.13445533],[21.28210517,84.13445583],[21.28210567,84.13445650]]
[[21.28210600,84.13445700],[21.28210700,84.13445767],[21.28210800,84.13445817],[21.28210883,84.13445850],[21.28210983,84.13445900],[21.28211050,84.13445967],[21.28211117,84.13446017],[21.28211200,84.13446050],[21.28211283,84.13446083],[21.28211350,84.13446150],[21.28211400,84.13446217],[21.28211467,84.13446283],[21.28211517,84.13446333],[21.28211600,84.13446383],[21.28211650,84.13446400],[21.28211733,84.13446433],[21.28211800,84.13446483],[21.28211867,84.13446550],[21.28211917,84.13446567],[21.28211950,84.13446600],[21.28211950,84.13446633],[21.28211967,84.13446650],[21.28211967,84.13446633],[21.28211967,84.13446633],[21.28211983,84.13446667],[21.28211983,84.13446683],[21.28211983,84.13446683],[21.28212000,84.13446683],[21.28212000,84.13446667],[21.28212000,84.13446633],[21.28211983,84.13446633],[21.28211983,84.13446650],[21.28212000,84.13446667],[21.28211983,84.13446683],[21.28211983,84.13446700],[21.28211967,84.13446717],[21.28211967,84.13446733],[21.28211933,84.13446750],[21.28211917,84.13446767],[21.28211883,84.13446750],[21.28211850,84.13446750],[21.28211800,84.13446750],[21.28211783,84.13446767],[21.28211767,84.13446800],[21.28211733,84.13446817],[21.28211683,84.13446867],[21.28211667,84.13446933],[21.28211633,84.13446967],[21.28211617,84.13447000],[21.28211567,84.13447033],[21.28211500,84.13447033],[21.28211450,84.13447033],[21.28211383,84.13447033],[21.28211300,84.13447050],[21.28211233,84.13447083],[21.28211150,84.13447100],[21.28211050,84.13447100],[21.93[21.28210850,84.13447117],[21.28210717,84.13447050]]
[[21.28210600,84.13446967],[21.28210533,84.13446883],[21.28210467,84.13446817],[21.28210433,84.13446767],[21.28210383,84.13446717],[21.28210367,84.13446650],[0.00000000,0.00000000],[21.28210267,84.13446517],[21.28210233,84.13446500],[21.28210183,84.13446467],[21.28210150,84.13446467],[21.28210117,84.13446467],[21.28210133,84.13446433],[21.28210167,84.13446400],[21.28210200,84.13446383],[21.28210217,84.13446367],[21.28210250,84.13446367],[21.28210283,84.13446350],[21.28210333,84.13446383],[21.28210383,84.13446383],[21.28210400,84.13446367],[21.28210433,84.13446367],[21.28210467,84.13446367],[21.28210483,84.13446367],[21.28210500,84.13446367],[21.28210567,84.13446383],[21.28210600,84.13446367],[21.28210617,84.13446333],[21.28210683,84.13446267],[21.28210717,84.13446233],[21.28210750,84.13446183],[21.28210800,84.13446150],[21.28210833,84.13446133],[21.28210850,84.13446117],[21.28210867,84.13446133],[21.28210900,84.13446133],[21.28210900,84.13446167],[21.28210917,84.13446167],[21.28210950,84.13446167],[21.28210967,84.13446167],[21.28210983,84.13446183],[21.28211000,84.13446200],[21.28211017,84.13446233],[21.28211033,84.13446233],[21.28211050,84.13446250],[21.28211067,84.13446267],[21.28211083,84.13446300],[21.28211083,84.13446300],[21.28211083,84.13446300],[21.28211117,84.13446300],[21.28211133,84.13446317],[21.28211167,84.13446317],[21.28211217,84.13446300],[21.28211233,84.13446300],[21.28211233,84.13446317],[21.28211267,84.13446333],[21.28211300,84.13446333],[21.28211333,84.13446317],[21.28211367,84.13446333],[21.28211417,84.13446333]]
[[21.28211517,84.13446250],[0.00000000,0.00000000],[21.28211700,84.13446233],[21.28211783,84.13446250],[21.28211900,84.13446200],[21.28212017,84.13446150],[0.00000000,0.00000000],[21.28212217,84.13446050],[0.00000000,0.00000000],[21.28212450,84.13445967],[21.28212583,84.13445967],[21.28212733,84.13445983],[0.00000000,0.00000000],[21.28213067,84.13445817],[21.28213200,84.13445733],[21.28213267,84.13445733],[21.28213333,84.13445767],[21.28213367,84.13445750],[21.28213383,84.13445767],[21.28213350,84.13445783],[21.28213383,84.13445800],[21.28213400,84.13445833],[21.28213433,84.13445850],[21.28213400,84.13445883],[21.28213333,84.13445900],[21.28213283,84.13445933],[21.28213233,84.13445950],[21.28213200,84.13445950],[21.28213150,84.13445933],[21.28213133,84.13445950],[21.28213133,84.13445950],[21.28213117,84.13445950],[21.28213117,84.13445967],[21.28213117,84.13445983],[21.28213100,84.13445983],[21.28213100,84.13446000],[21.28213100,84.13446017],[21.28213083,84.13446033],[21.28213050,84.13446067],[21.28213033,84.13446083],[21.28213000,84.13446100],[21.28212950,84.13446100],[21.28212933,84.13446083],[21.28212917,84.13446117],[21.28212933,84.13446133],[21.28212917,84.13446133],[21.28212900,84.13446117],[21.28212867,84.13446117],[21.28212850,84.13446133],[21.28212833,84.13446150],[21.28212833,84.13446133],[21.28212833,84.13446117],[21.28212833,84.13446133],[21.28212833,84.13446117],[21.28212817,84.13446117],[21.28212800,84.13446100],[21.28212800,84.13446083],[21.28212783,84.13446050],[21.28212783,84.13446050],[21.28212767,84.13446083]]
[[21.28212783,84.13446100],[21.28212800,84.13446100],[0.00000000,0.00000000],[21.28212767,84.13446100],[21.28212767,84.13446083],[21.28212750,84.13446050],[21.28212717,84.13446050],[21.28212700,84.13446050],[21.28212683,84.13446017],[21.28212667,84.13445967],[21.28212650,84.13445933],[21.28212633,84.13445933],[21.28212617,84.13445950],[21.28212617,84.13446000],[21.28212567,84.13446033],[21.28212533,84.13446067],[21.28212500,84.13446100],[21.28212483,84.13446150],[0.00000000,0.00000000],[21.28212483,84.13446250],[21.28212483,84.13446283],[21.28212467,84.13446333],[21.28212483,84.13446367],[21.28212483,84.13446417],[21.28212500,84.13446467],[21.28212483,84.13446500],[21.28212483,84.13446533],[21.28212500,84.13446567],[21.28212500,84.13446567],[21.28212517,84.13446600],[21.28212550,84.13446650],[21.28212550,84.13446667],[21.28212550,84.13446700],[21.28212567,84.13446717],[21.28212583,84.13446717],[21.28212600,84.13446683],[21.28212617,84.13446683],[21.28212567,84.13446717],[21.28212567,84.13446733],[21.28212550,84.13446750],[21.28212567,84.13446733],[21.28212600,84.13446733],[21.28212600,84.13446717],[21.28212600,84.13446733],[21.28212600,84.13446767],[21.28212583,84.13446833],[21.28212567,84.13446900],[21.28212533,84.13446950],[21.28212517,84.13446983],[21.28212483,84.13447017],[21.28212450,84.13447050],[21.28212433,84.13447067],[21.28212417,84.13447100],[21.28212400,84.13447133],[21.28212367,84.13447150],[21.28212383,84.13447150],[21.28212383,84.13447150],[21.28212383,84.13447150],[21.28212367,84.13447183],[21.28212333,84.13447183]]
[[21.28212350,84.13447183],[21.28212350,84.13447183],[21.28212317,84.13447183],[21.28212300,84.13447167],[21.28212283,84.13447167],[21.28212250,84.13447167],[21.28212250,84.13447150],[21.28212233,84.13447167],[21.28212217,84.13447250],[21.28212183,84.13447317],[21.28212133,84.13447367],[21.28212083,84.13447400],[21.28212050,84.13447417],[21.28212017,84.13447417],[21.28212000,84.13447433],[21.28211983,84.13447400],[21.28211967,84.13447400],[21.28211967,84.13447400],[21.28211917,84.13447417],[21.28211883,84.13447433],[21.28211817,84.13447450],[21.28211750,84.13447467],[21.28211700,84.13447500],[21.28211667,84.13447517],[21.28211633,84.13447550],[21.28211600,84.13447550],[21.28211550,84.13447567],[21.28211517,84.13447600],[21.28211483,84.13447633],[21.28211450,84.13447667],[21.28211450,84.13447717],[21.28211450,84.13447767],[21.28211433,84.13447817],[21.28211417,84.13447833],[21.28211433,84.13447867],[21.28211433,84.13447900],[21.28211433,84.13447933],[21.28211450,84.13447950],[21.28211450,84.13447983],[21.28211433,84.13448017],[21.28211417,84.13448017],[21.28211417,84.13448067],[21.28211417,84.13448117],[21.28211450,84.13448183],[21.28211467,84.13448283],[21.28211517,84.13448383],[21.28211533,84.13448467],[21.28211567,84.13448567],[21.28211633,84.13448650],[21.28211683,84.13448700],[21.28211700,84.13448733],[21.28211750,84.13448783],[21.28211783,84.13448800],[21.28211817,84.13448833],[21.28211850,84.13448850],[21.28211933,84.13448833],[21.28212017,84.13448783],[21.28212083,84.13448750],[21.28212183,84.13448683],[21.28212233,84.13448617]]
[[21.28212200,84.13448667],[21.28212167,84.13448683],[21.28212150,84.13448700],[21.28212283,84.13448517],[21.28212283,84.13448517],[21.28212300,84.13448483],[21.28212333,84.13448500],[21.28212367,84.13448533],[21.28212350,84.13448600],[21.28212350,84.13448683],[21.28212333,84.13448750],[21.28212317,84.13448833],[21.28212300,84.13448883],[21.28212300,84.13448933],[21.28212283,84.13448983],[21.28212267,84.13449017],[21.28212267,84.13449067],[21.28212267,84.13449083],[21.28212250,84.13449100],[21.28212233,84.13449117],[21.28212217,84.13449133],[21.28212200,84.13449167],[21.28212183,84.13449200],[21.28212150,84.13449217],[21.28212117,84.13449217],[21.28212117,84.13449183],[21.28212083,84.13449167],[21.28212050,84.13449200],[21.28212017,84.13449217],[21.28212000,84.13449233],[21.28211967,84.13449250],[21.28211933,84.13449267],[21.28211917,84.13449267],[21.28211900,84.13449267],[21.28211917,84.13449317],[21.28211933,84.13449383],[21.28212000,84.13449400],[21.28212067,84.13449400],[21.28212117,84.13449383],[21.28212167,84.13449317],[21.28212150,84.13449400],[21.28212133,84.13449467],[21.28212150,84.13449533],[21.28212100,84.13449617],[21.28212100,84.13449683],[21.28212083,84.13449700],[21.28212150,84.13449600],[21.28212233,84.13449533],[21.28212300,84.13449483],[21.28212383,84.13449450],[21.28212417,84.13449400],[21.28212433,84.13449300],[21.28212417,84.13449267],[21.28212433,84.13449217],[21.28212400,84.13449217],[21.28212400,84.13449250],[21.28212400,84.13449267],[21.28212417,84.13449300],[21.28212417,84.13449300],[21.28212417,84.13449317]]
[[21.28212200,84.13448667],[21.28212167,84.13448683],[21.28212150,84.13448700],[21.28212283,84.13448517],[21.28212283,84.13448517],[21.28212300,84.13448483],[21.28212333,84.13448500],[21.28212367,84.13448533],[21.28212350,84.13448600],[21.28212350,84.13448683],[21.28212333,84.13448750],[21.28212317,84.13448833],[21.28212300,84.13448883],[21.28212300,84.13448933],[21.28212283,84.13448983],[21.28212267,84.13449017],[21.28212267,84.13449067],[21.28212267,84.13449083],[21.28212250,84.13449100],[21.28212233,84.13449117],[21.28212217,84.13449133],[21.28212200,84.13449167],[21.28212183,84.13449200],[21.28212150,84.13449217],[21.28212117,84.13449217],[21.28212117,84.13449183],[21.28212083,84.13449167],[21.28212050,84.13449200],[21.28212017,84.13449217],[21.28212000,84.13449233],[21.28211967,84.13449250],[21.28211933,84.13449267],[21.28211917,84.13449267],[21.28211900,84.13449267],[21.28211917,84.13449317],[21.28211933,84.13449383],[21.28212000,84.13449400],[21.28212067,84.13449400],[21.28212117,84.13449383],[21.28212167,84.13449317],[21.28212150,84.13449400],[21.28212133,84.13449467],[21.28212150,84.13449533],[21.28212100,84.13449617],[21.28212100,84.13449683],[21.28212083,84.13449700],[21.28212150,84.13449600],[21.28212233,84.13449533],[21.28212300,84.13449483],[21.28212383,84.13449450],[21.28212417,84.13449400],[21.28212433,84.13449300],[21.28212417,84.13449267],[21.28212433,84.13449217],[21.28212400,84.13449217],[21.28212400,84.13449250],[21.28212400,84.13449267],[21.28212417,84.13449300],[21.28212417,84.13449300],[21.28212417,84.13449317]]
[[21.28075550,84.13445233],[21.28075850,84.13445383],[21.28076167,84.13445500],[21.28076467,84.13445600],[21.28076767,84.13445683],[21.28076950,84.13445733],[21.28077150,84.13445717],[21.28077333,84.13445700],[21.28077450,84.13445700],[21.28077550,84.13445683],[21.28077683,84.13445683],[21.28077767,84.13445650],[21.28077850,84.13445617],[21.28077933,84.13445567],[21.28078067,84.13445567],[21.28078233,84.13445600],[21.28078383,84.13445583],[21.28078533,84.13445583],[21.28078617,84.13445567],[21.28078617,84.13445533],[21.28078567,84.13445517],[21.28078583,84.13445483],[21.28078583,84.13445433],[21.28078533,84.13445400],[21.28078517,84.13445333],[21.28078500,84.13445317],[21.28078517,84.13445317],[21.28078500,84.13445250],[21.28078700,84.13445233],[21.28078900,84.13445233],[21.28079067,84.13445217],[21.28079233,84.13445200],[21.28079367,84.13445200],[21.28079533,84.13445233],[21.28079650,84.13445250],[21.28079800,84.13445233],[21.28080017,84.13445167],[21.28080167,84.13445133],[21.28080400,84.13445083],[21.28080583,84.13445083],[21.28080767,84.13445100],[21.28080750,84.13445050],[21.28080817,84.13445017],[21.28080733,84.13444950],[21.28080583,84.13444867],[21.28080433,84.13444767],[21.28080267,84.13444633],[21.28080083,84.13444500],[21.28079950,84.13444350],[21.28079800,84.13444300],[21.28079633,84.13444267],[21.28079383,84.13444200],[21.28079150,84.13444150],[21.28078900,84.13444050],[21.28078567,84.13443933],[21.28078267,84.13443867],[21.28078000,84.13443817],[21.28077833,84.13443733],[21.28077683,84.13443717],[21.28077567,84.13443700]]
[[21.28077400,84.13443683],[21.28077150,84.13443650],[21.28076967,84.13443617],[21.28076800,84.13443550],[21.28076617,84.13443517],[21.28076400,84.13443433],[21.28076250,84.13443417],[21.28076100,84.13443417],[21.28075950,84.13443400],[21.28075900,84.13443417],[21.28075867,84.13443433],[21.28075850,84.13443417],[21.28075817,84.13443417],[21.28075750,84.13443417],[21.28075733,84.13443467],[21.28075700,84.13443517],[21.28075600,84.13443517],[21.28075533,84.13443517],[21.28075450,84.13443517],[21.28075367,84.13443533],[21.28075283,84.13443550],[21.28075200,84.13443533],[21.28075167,84.13443567],[21.28075167,84.13443600],[21.28075133,84.13443600],[21.28075083,84.13443550],[21.28075067,84.13443517],[21.28074983,84.13443433],[21.28074950,84.13443350],[21.28074933,84.13443283],[21.28074933,84.13443200],[21.28074950,84.13443133],[21.28075017,84.13443150],[21.28075050,84.13443150],[21.28075117,84.13443167],[21.28075250,84.13443200],[21.28075350,84.13443150],[21.28075500,84.13443217],[21.28075633,84.13443283],[21.28075733,84.13443333],[21.28075833,84.13443367],[21.28075950,84.13443367],[21.28076050,84.13443417],[21.28076150,84.13443533],[21.28076267,84.13443650],[21.28076400,84.13443767],[21.28076517,84.13443883],[21.28076650,84.13444033],[21.28076783,84.13444183],[21.28076900,84.13444267],[21.28076983,84.13444350],[21.28077050,84.13444433],[21.28077133,84.13444500],[21.28077233,84.13444550],[21.28077367,84.13444617],[21.28077483,84.13444683],[21.28077583,84.13444733],[21.28077650,84.13444783],[21.28077733,84.13444783],[21.28077783,84.13444750]]
[[21.28077400,84.13443683],[21.28077150,84.13443650],[21.28076967,84.13443617],[21.28076800,84.13443550],[21.28076617,84.13443517],[21.28076400,84.13443433],[21.28076250,84.13443417],[21.28076100,84.13443417],[21.28075950,84.13443400],[21.28075900,84.13443417],[21.28075867,84.13443433],[21.28075850,84.13443417],[21.28075817,84.13443417],[21.28075750,84.13443417],[21.28075733,84.13443467],[21.28075700,84.13443517],[21.28075600,84.13443517],[21.28075533,84.13443517],[21.28075450,84.13443517],[21.28075367,84.13443533],[21.28075283,84.13443550],[21.28075200,84.13443533],[21.28075167,84.13443567],[21.28075167,84.13443600],[21.28075133,84.13443600],[21.28075083,84.13443550],[21.28075067,84.13443517],[21.28074983,84.13443433],[21.28074950,84.13443350],[21.28074933,84.13443283],[21.28074933,84.13443200],[21.28074950,84.13443133],[21.28075017,84.13443150],[21.28075050,84.13443150],[21.28075117,84.13443167],[21.28075250,84.13443200],[21.28075350,84.13443150],[21.28075500,84.13443217],[21.28075633,84.13443283],[21.28075733,84.13443333],[21.28075833,84.13443367],[21.28075950,84.13443367],[21.28076050,84.13443417],[21.28076150,84.13443533],[21.28076267,84.13443650],[21.28076400,84.13443767],[21.28076517,84.13443883],[21.28076650,84.13444033],[21.28076783,84.13444183],[21.28076900,84.13444267],[21.28076983,84.13444350],[21.28077050,84.13444433],[21.28077133,84.13444500],[21.28077233,84.13444550],[21.28077367,84.13444617],[21.28077483,84.13444683],[21.28077583,84.13444733],[21.28077650,84.13444783],[21.28077733,84.13444783],[21.28077783,84.13444750]]
[[21.28077817,84.13444783],[21.28077867,84.13444867],[21.28077833,84.13444900],[21.28077800,84.13444933],[21.28077817,84.13444950],[21.28077833,84.13444950],[21.28077817,84.13444917],[21.28077817,84.13444867],[21.28077850,84.13444833],[21.28077833,84.13444767],[21.28077800,84.13444667],[21.28077767,84.13444617],[21.28077700,84.13444583],[21.28077650,84.13444517],[21.28077600,84.13444467],[21.28077550,84.13444383],[21.28077500,84.13444317],[21.28077400,84.13444250],[21.28077350,84.13444200],[21.28077300,84.13444150],[21.28077267,84.13444083],[21.28077283,84.13444067],[21.28077300,84.13444067],[21.28077317,84.13444067],[21.28077367,84.13444083],[21.28077383,84.13444100],[21.28077417,84.13444150],[21.28077400,84.13444200],[21.28077400,84.13444250],[21.28077383,84.13444300],[21.28077367,84.13444350],[21.28077350,84.13444367],[21.28077350,84.13444400],[21.28077367,84.13444417],[21.28077417,84.13444450],[21.28077483,84.13444467],[21.28077583,84.13444517],[21.28077700,84.13444550],[21.28077767,84.13444583],[21.28077833,84.13444617],[21.28077883,84.13444600],[21.28077933,84.13444600],[21.28078000,84.13444600],[21.28078067,84.13444633],[21.28078100,84.13444617],[21.28078183,84.13444650],[21.28078300,84.13444700],[21.28078417,84.13444750],[21.28078517,84.13444800],[21.28078650,84.13444833],[21.28078817,84.13444900],[21.28078933,84.13444900],[21.28079050,84.13444950],[21.28079167,84.13444983],[21.28079233,84.13444983],[21.28079250,84.13444950],[21.28079283,84.13444950],[21.28079300,84.13444967],[21.28079317,84.13444917],[21.28079267,84.13444933]]
[[21.28079133,84.13444867],[21.28079017,84.13444800],[21.28078983,84.13444750],[21.28078850,84.13444667],[21.28078750,84.13444550],[21.28078617,84.13444467],[21.28078517,84.13444433],[21.28078417,84.13444383],[21.28078283,84.13444333],[21.28078117,84.13444200],[21.28078017,84.13444167],[21.28077867,84.13444083],[21.28077767,84.13444067],[21.28077683,84.13444117],[21.28077567,84.13444150],[21.28077483,84.13444267],[21.28077383,84.13444350],[21.28077283,84.13444333],[21.28077233,84.13444433],[21.28077250,84.13444467],[21.28077233,84.13444417],[21.28077217,84.13444483],[21.28077217,84.13444550],[21.28077217,84.13444667],[21.28077217,84.13444700],[21.28077217,84.13444733],[21.28077217,84.13444717],[21.28077233,84.13444717],[21.28077267,84.13444800],[21.28077250,84.13444817],[21.28077250,84.13444817],[21.28077217,84.13444750],[21.28077217,84.13444717],[21.28077250,84.13444683],[21.28077283,84.13444617],[21.28077367,84.13444533],[21.28077417,84.13444433],[21.28077467,84.13444317],[21.28077500,84.13444033],[21.28077517,84.13443717],[21.28077517,84.13443433],[21.28077517,84.13443233],[21.28077533,84.13443050],[21.28077517,84.13442900],[21.28077467,84.13442750],[21.28077483,84.13442700],[21.28077517,84.13442667],[21.28077517,84.13442617],[21.28077467,84.13442550],[21.28077500,84.13442533],[21.28077550,84.13442483],[21.28077550,84.13442417],[21.28077583,84.13442367],[21.28077650,84.13442367],[21.28077683,84.13442367],[21.28077700,84.13442400],[21.28077733,84.13442450],[21.28077717,84.13442500],[21.28077667,84.13442633],[21.28077683,84.13442767]]
[[21.28079133,84.13444867],[21.28079017,84.13444800],[21.28078983,84.13444750],[21.28078850,84.13444667],[21.28078750,84.13444550],[21.28078617,84.13444467],[21.28078517,84.13444433],[21.28078417,84.13444383],[21.28078283,84.13444333],[21.28078117,84.13444200],[21.28078017,84.13444167],[21.28077867,84.13444083],[21.28077767,84.13444067],[21.28077683,84.13444117],[21.28077567,84.13444150],[21.28077483,84.13444267],[21.28077383,84.13444350],[21.28077283,84.13444333],[21.28077233,84.13444433],[21.28077250,84.13444467],[21.28077233,84.13444417],[21.28077217,84.13444483],[21.28077217,84.13444550],[21.28077217,84.13444667],[21.28077217,84.13444700],[21.28077217,84.13444733],[21.28077217,84.13444717],[21.28077233,84.13444717],[21.28077267,84.13444800],[21.28077250,84.13444817],[21.28077250,84.13444817],[21.28077217,84.13444750],[21.28077217,84.13444717],[21.28077250,84.13444683],[21.28077283,84.13444617],[21.28077367,84.13444533],[21.28077417,84.13444433],[21.28077467,84.13444317],[21.28077500,84.13444033],[21.28077517,84.13443717],[21.28077517,84.13443433],[21.28077517,84.13443233],[21.28077533,84.13443050],[21.28077517,84.13442900],[21.28077467,84.13442750],[21.28077483,84.13442700],[21.28077517,84.13442667],[21.28077517,84.13442617],[21.28077467,84.13442550],[21.28077500,84.13442533],[21.28077550,84.13442483],[21.28077550,84.13442417],[21.28077583,84.13442367],[21.28077650,84.13442367],[21.28077683,84.13442367],[21.28077700,84.13442400],[21.28077733,84.13442450],[21.28077717,84.13442500],[21.28077667,84.13442633],[21.28077683,84.13442767]]
[[21.28077750,84.13442900],[21.28077683,84.13443183],[21.28077717,84.13443483],[21.28077600,84.13443933],[21.28077633,84.13444133],[21.28077633,84.13444450],[21.28077733,84.13444783],[21.28078150,84.13445233],[21.28078533,84.13445517],[21.28078917,21.07[21.28079300,84.13446083],[21.28079667,84.13446333],[21.28080250,84.13446667],[21.28080700,84.13446900],[21.28081050,84.13447117],[21.28081250,84.13447200],[21.28081383,84.13447250],[21.28081433,84.13447283],[21.28081533,84.13447367],[21.28081567,84.13447400],[21.28081633,84.13447467],[21.28081600,84.13447467],[21.28081567,84.13447500],[21.28081500,84.13447483],[21.28081467,84.13447483],[21.28081367,84.13447450],[21.28081267,84.13447433],[21.28081167,84.13447433],[21.28080983,84.13447433],[21.28080833,84.13447400],[21.28080733,84.13447367],[21.28080517,84.13447350],[21.28080267,84.13447317],[21.28079883,84.13447300],[21.28079467,84.13447250],[21.28079150,84.13447233],[21.28078800,84.13447250],[21.28078550,84.13447250],[21.28078400,84.13447250],[21.28078217,84.13447250],[21.28077933,84.13447267],[21.28077433,84.13447267],[21.28077033,84.13447283],[21.28076717,84.13447283],[21.28076583,84.13447300],[21.28076317,84.13447300],[21.28076100,84.13447317],[21.28075867,84.13447317],[21.28075767,84.13447350],[21.28075667,84.13447350],[21.28075583,84.13447350],[21.28075467,84.13447317],[21.28075350,84.13447317],[21.28075233,84.13447300],[21.28075100,84.13447283],[21.28074933,84.13447267],[21.28074833,84.13447250],[21.28074767,84.13447233],[21.28074700,84.13447233],[21.28074650,84.13447267]]
[[21.28074533,84.13447283],[21.28074433,84.13447317],[21.28074283,84.13447317],[21.28074067,84.13447383],[21.28073883,84.13447467],[21.28073783,84.13447583],[21.28073667,84.13447667],[21.28073517,84.13447717],[21.28073317,84.13447750],[21.28073250,84.13447833],[21.28073133,84.13447867],[21.28073067,84.13447917],[21.28073033,84.13448000],[21.28072967,84.13448033],[21.28072967,84.13448050],[21.28072950,84.13448050],[21.28072983,84.13448050],[21.28072967,84.13447983],[21.28072800,84.13447883],[21.28072733,84.13447783],[21.28072650,84.13447683],[21.28072567,84.13447600],[21.28072583,84.13447583],[21.28072550,84.13447550],[21.28072550,84.13447550],[21.28072483,84.13447517],[21.28072417,84.13447500],[21.28072333,84.13447483],[21.28072283,84.13447483],[21.28072183,84.13447467],[21.28072133,84.13447450],[21.28072067,84.13447450],[21.28072017,84.13447417],[21.28072000,84.13447383],[21.28071967,84.13447350],[21.28071933,84.13447333],[21.28071867,84.13447300],[21.28071817,84.13447283],[21.28071733,84.13447250],[21.28071650,84.13447183],[21.28071583,84.13447067],[21.28071583,84.13447000],[21.28071567,84.13446900],[21.28071533,84.13446783],[21.28071500,84.13446683],[21.28071483,84.13446550],[21.28071450,84.13446400],[21.28071467,84.13446267],[21.28071450,84.13446133],[21.28071433,84.13445983],[21.28071467,84.13445867],[21.28071483,84.13445700],[21.28071467,84.13445467],[21.28071433,84.13445283],[21.28071483,84.13445133],[21.28071533,84.13445000],[21.28071583,84.13444850],[21.28071683,84.13444750],[21.28071767,84.13444650],[21.28071800,84.13444483]]
[[21.28071867,84.13444317],[21.28071900,84.13444150],[21.28072033,84.13444050],[21.28072133,84.13443950],[21.28072133,84.13443783],[21.28072167,84.13443617],[21.28072217,84.13443500],[21.28072283,84.13443367],[21.28072317,84.13443300],[21.28072367,84.13443233],[21.28072433,84.13443167],[21.28072450,84.13443100],[21.28072450,84.13443033],[21.28072500,84.13442950],[21.28072550,84.13442900],[21.28072633,84.13442817],[21.28072667,84.13442733],[21.28072683,84.13442617],[21.28072750,84.13442567],[21.28072833,84.13442500],[21.28072850,84.13442433],[21.28072883,84.13442383],[21.28072900,84.13442267],[21.28073000,84.13442167],[21.28073067,84.13442083],[21.28073183,84.13441967],[21.28073217,84.13441850],[21.28073283,84.13441700],[21.28073300,84.13441583],[21.28073283,84.13441483],[21.28073300,84.13441367],[21.28073333,84.13441250],[21.28073333,84.13441150],[21.28073333,84.13441033],[21.28073367,84.13440950],[21.28073350,84.13440817],[21.28073300,84.13440767],[21.28073267,84.13440717],[21.28073233,84.13440633],[21.28073183,84.13440567],[21.28073133,84.13440517],[21.28072983,84.13440467],[21.28072917,84.13440417],[21.28072850,84.13440350],[21.28072683,84.13440267],[21.28072417,84.13440167],[21.28072167,84.13440100],[21.28071900,84.13439950],[21.28071633,84.13439817],[21.28071450,84.13439700],[21.28071333,84.13439583],[21.28071150,84.13439450],[21.28071100,84.13439350],[21.28071000,84.13439317],[21.28070883,84.13439233],[21.28070717,84.13439167],[21.28070583,84.13439117],[21.28070467,84.13439150],[21.28070417,84.13439083],[21.28070250,84.13438983]]
[[21.28070050,84.13438917],[21.28069850,84.13438833],[21.28069667,84.13438783],[21.28069483,84.13438733],[21.28069350,84.13438667],[21.28069250,84.13438667],[21.28069133,84.13438700],[21.28069000,84.13438767],[21.28068967,84.13438833],[21.28068967,84.13438933],[21.28068917,84.13439017],[21.28068917,84.13439117],[21.28068933,84.13439233],[21.28068933,84.13439350],[21.28068983,84.13439517],[21.28069050,84.13439667],[21.28069050,84.13439800],[21.28069067,84.13439900],[21.28069050,84.13439933],[21.28069033,84.13439983],[21.28069050,84.13440017],[21.28069050,84.13440033],[21.28069033,84.13440000],[21.28069000,84.13439983],[21.28068967,84.13439933],[21.28068917,84.13439867],[21.28068917,84.13439833],[21.28068967,84.13439783],[21.28068967,84.13439700],[21.28069000,84.13439650],[21.28069033,84.13439617],[21.28069117,84.13439567],[21.28069133,84.13439517],[21.28069183,84.13439483],[21.28069200,84.13439433],[21.28069250,84.13439400],[21.28069317,84.13439367],[21.28069450,84.13439283],[21.28069600,84.13439217],[21.28069717,84.13439133],[21.28069850,84.13439050],[21.28069950,84.13438983],[21.28070083,84.13438867],[21.28070150,84.13438767],[21.28070217,84.13438733],[21.28070250,84.13438650],[21.28070283,84.13438583],[21.28070283,84.13438533],[21.28070267,84.13438467],[21.28070250,84.13438450],[21.28070217,84.13438467],[21.28070217,84.13438433],[21.28070217,84.13438417],[21.28070233,84.13438417],[21.28070233,84.13438383],[21.28070217,84.13438367],[21.28070250,84.13438400],[21.28070250,84.13438467],[21.28070300,84.13438517],[21.28070333,84.13438567]]
[[21.28183650,84.13407733],[21.28183717,84.13407717],[21.28183817,84.13407717],[21.28183883,84.13407733],[21.28183917,84.13407750],[21.28183917,84.13407750],[21.28183900,84.13407733],[21.28183867,84.13407733],[21.28183850,84.13407717],[21.28183817,84.13407733],[21.28183850,84.13407700],[21.28183933,84.13407633],[21.28184017,84.13407600],[21.28184117,84.13407633],[21.28184217,84.13407683],[21.28184300,84.13407767],[21.28184400,84.13407850],[21.28184467,84.13407933],[21.28184533,84.13408017],[21.28184600,84.13408083],[21.28184650,84.13408133],[21.28184717,84.13408167],[21.28184800,84.13408167],[21.28184883,84.13408167],[21.28184967,84.13408133],[21.28185033,84.13408100],[21.28185117,84.13408083],[21.28185150,84.13408100],[21.28185183,84.13408133],[21.28185200,84.13408167],[21.28185233,84.13408233],[21.28185233,84.13408283],[21.28185250,84.13408317],[21.28185267,84.13408350],[21.28185333,84.13408317],[21.28185400,84.13408267],[21.28185483,84.13408200],[21.28185583,84.13408133],[21.28185667,84.13408033],[21.28185700,84.13407983],[21.28185733,84.13407933],[21.28185750,84.13407900],[21.28185767,84.13407883],[21.28185767,84.13407833],[21.28185800,84.13407783],[21.28185800,84.13407717],[21.28185817,84.13407633],[21.28185850,84.13407550],[21.28185867,84.13407450],[21.28185883,84.13407383],[21.28185917,84.13407317],[21.28185933,84.13407267],[21.28185950,84.13407233],[21.28185967,84.13407217],[21.28185950,84.13407217],[21.28185950,84.13407200],[21.28185950,84.13407167],[21.28185933,84.13407167],[21.28185917,84.13407183],[21.28185917,84.13407200]]
[[21.28185883,84.13407233],[21.28185883,84.13407250],[21.28185867,84.13407267],[21.28185833,84.13407300],[21.28185800,84.13407333],[21.28185767,84.13407383],[21.28185750,84.13407417],[21.28185733,84.13407450],[21.28185717,84.13407467],[21.28185717,84.13407450],[21.28185700,84.13407450],[21.28185683,84.13407467],[21.28185650,84.13407500],[21.28185617,84.13407517],[21.28185583,84.13407517],[21.28185550,84.13407533],[21.28185517,84.13407550],[21.28185483,84.13407567],[21.28185450,84.13407583],[21.28185433,84.13407617],[21.28185417,84.13407667],[21.28185417,84.13407717],[21.28185383,84.13407733],[21.28185367,84.13407733],[21.28185383,84.13407733],[21.28185383,84.13407700],[21.28185450,84.13407717],[21.28185533,84.13407750],[21.28185583,84.13407800],[21.28185667,84.13407850],[21.28185733,84.13407883],[21.28185783,84.13407933],[21.28185800,84.13407933],[21.28185833,84.13407967],[21.28185850,84.13407967],[21.28185867,84.13407967],[21.28185850,84.13407950],[21.28185850,84.13407933],[21.28185867,84.13407933],[21.28185883,84.13407933],[21.28185883,84.13407950],[21.28185867,84.13407983],[21.28185883,84.13408000],[21.28185883,84.13407983],[21.28185867,84.13407967],[21.28185867,84.13407967],[21.28185833,84.13407983],[21.28185783,84.13408017],[21.28185750,84.13408033],[21.28185667,84.13408100],[21.28185567,84.13408133],[21.28185517,84.13408150],[21.28185483,84.13408200],[21.28185433,84.13408233],[21.28185383,84.13408250],[21.28185350,84.13408217],[21.28185317,84.13408183],[21.28185317,84.13408150],[21.28185317,84.13408100],[21.28185300,84.13408067]]
[[21.03[21.28184083,84.13406683],[21.28183967,84.13406800],[21.28183850,84.13406883],[21.28183750,84.13406917],[21.28183667,84.13406967],[21.28183583,84.13407000],[21.28183500,84.13407017],[21.28183450,84.13407017],[21.28183383,84.13407000],[21.28183333,84.13407033],[21.28183267,84.13407017],[21.28183217,84.13407017],[21.28183167,84.13407033],[21.28183133,84.13407000],[21.28183100,84.13406983],[21.28183083,84.13406950],[21.28183067,84.13406917],[21.28183067,84.13406917],[21.28183050,84.13406933],[21.28183067,84.13406900],[21.28183100,84.13406867],[21.28183133,84.13406850],[21.28183150,84.13406833],[21.28183167,84.13406783],[21.28183183,84.13406717],[21.28183200,84.13406650],[21.28183200,84.13406600],[21.28183233,84.13406517],[21.28183283,84.13406433],[21.28183333,84.13406367],[21.28183383,84.13406267],[21.28183450,84.13406150],[21.28183533,84.13406067],[21.28183617,84.13405967],[21.28183683,84.13405867],[21.28183733,84.13405800],[21.28183817,84.13405717],[21.28183900,84.13405667],[21.28183967,84.13405650],[21.28184033,84.13405617],[21.28184100,84.13405600],[21.28184167,84.13405567],[21.28184217,84.13405533],[21.28184283,84.13405500],[21.28184317,84.13405533],[21.28184333,84.13405600],[21.28184383,84.13405633],[21.28184400,84.13405683],[21.28184450,84.13405733],[21.28184483,84.13405817],[21.28184517,84.13405917],[21.28184583,84.13406000],[21.28184617,84.13406150],[21.28184650,84.13406317],[21.28184700,84.13406450],[21.28184733,84.13406583],[21.28184667,84.13406800],[21.28184600,84.13407017],[21.28184583,84.13407167]]
[[21.28185367,84.13410950],[21.28185300,84.13410833],[21.28185250,84.13410783],[21.28185267,84.13410750],[21.28185283,84.13410717],[21.28185150,84.13410617],[21.28185017,84.13410633],[21.28184850,84.13410600],[21.28184733,84.13410517],[21.28184617,84.13410500],[21.28184483,84.13410417],[21.28184350,84.13410333],[21.28184283,84.13410267],[21.28184233,84.13410183],[21.28184167,84.13410067],[21.28184117,84.13409950],[21.28184083,84.13409883],[21.28184033,84.13409800],[21.28184000,84.13409717],[21.28183983,84.13409583],[21.28183967,84.13409467],[21.28183967,84.13409350],[21.28183967,84.13409233],[21.28183967,84.13409133],[21.28183983,84.13409033],[21.28183967,84.13408950],[21.28183967,84.13408817],[21.28183967,84.13408717],[21.28183983,84.13408650],[21.28183933,84.13408500],[21.28183917,84.13408350],[21.28183867,84.13408217],[21.28183817,84.13408100],[21.28183767,84.13408017],[21.28183717,84.13407933],[21.28183683,84.13407833],[21.28183650,84.13407750],[21.28183633,84.13407617],[21.28183617,84.13407467],[21.28183600,84.13407317],[21.28183633,84.13407150],[21.28183650,84.13407000],[21.28183633,84.13406817],[21.28183633,84.13406650],[21.28183650,84.13406517],[21.28183650,84.13406383],[21.28183650,84.13406250],[21.28183650,84.13406100],[21.28183650,84.13405933],[21.28183683,84.13405767],[21.28183683,84.13405650],[21.28183700,84.13405600],[21.28183783,84.13405483],[21.28183833,84.13405350],[21.28183917,84.13405233],[21.28184017,84.13405200],[21.28184050,84.13405233],[21.28183983,84.13405383],[21.28184017,84.13405483],[21.28184033,84.13405533]]
[[21.28183933,84.13405683],[21.28183833,84.13405817],[21.28183750,84.13405917],[21.28183683,84.13405967],[21.28183633,84.13406000],[21.28183583,84.13406050],[21.28183550,84.13406083],[21.28183583,84.13406067],[21.28183650,84.13405933],[21.28183683,84.13405783],[21.28183683,84.13405700],[21.28183700,84.13405650],[21.28183717,84.13405567],[21.28183717,84.13405450],[21.28183733,84.13405333],[21.28183800,84.13405217],[21.28183883,84.13405050],[21.28183933,84.13404950],[21.28183967,84.13404850],[21.28184017,84.13404767],[21.28184083,84.13404667],[21.28184150,84.13404583],[21.28184200,84.13404550],[21.28184250,84.13404500],[21.28184283,84.13404467],[21.28184333,84.13404483],[21.28184383,84.13404450],[21.28184417,84.13404383],[21.28184483,84.13404283],[21.28184550,84.13404167],[21.28184567,84.13404067],[21.28184633,84.13403983],[21.28184700,84.13403917],[21.28184750,84.13403850],[21.28184833,84.13403767],[21.28184900,84.13403683],[21.28184850,84.13403683],[21.28184800,84.13403683],[21.28184783,84.13403683],[21.28184750,84.13403700],[21.28184683,84.13403733],[21.28184650,84.13403783],[21.28184600,84.13403800],[21.28184617,84.13403817],[21.28184650,84.13403817],[21.28184667,84.13403817],[21.28184567,84.13403900],[21.28184433,84.13404000],[21.28184350,84.13404067],[21.28184283,84.13404083],[21.28184267,84.13404083],[21.28184250,84.13404067],[21.28184217,84.13404117],[21.28184200,84.13404067],[21.28184167,84.13404117],[21.28184117,84.13404217],[21.28184050,84.13404300],[21.28184017,84.13404383],[21.28184100,84.13404300],[21.28184133,84.13404250]]
[[21.28183933,84.13405683],[21.28183833,84.13405817],[21.28183750,84.13405917],[21.28183683,84.13405967],[21.28183633,84.13406000],[21.28183583,84.13406050],[21.28183550,84.13406083],[21.28183583,84.13406067],[21.28183650,84.13405933],[21.28183683,84.13405783],[21.28183683,84.13405700],[21.28183700,84.13405650],[21.28183717,84.13405567],[21.28183717,84.13405450],[21.28183733,84.13405333],[21.28183800,84.13405217],[21.28183883,84.13405050],[21.28183933,84.13404950],[21.28183967,84.13404850],[21.28184017,84.13404767],[21.28184083,84.13404667],[21.28184150,84.13404583],[21.28184200,84.13404550],[21.28184250,84.13404500],[21.28184283,84.13404467],[21.28184333,84.13404483],[21.28184383,84.13404450],[21.28184417,84.13404383],[21.28184483,84.13404283],[21.28184550,84.13404167],[21.28184567,84.13404067],[21.28184633,84.13403983],[21.28184700,84.13403917],[21.28184750,84.13403850],[21.28184833,84.13403767],[21.28184900,84.13403683],[21.28184850,84.13403683],[21.28184800,84.13403683],[21.28184783,84.13403683],[21.28184750,84.13403700],[21.28184683,84.13403733],[21.28184650,84.13403783],[21.28184600,84.13403800],[21.28184617,84.13403817],[21.28184650,84.13403817],[21.28184667,84.13403817],[21.28184567,84.13403900],[21.28184433,84.13404000],[21.28184350,84.13404067],[21.28184283,84.13404083],[21.28184267,84.13404083],[21.28184250,84.13404067],[21.28184217,84.13404117],[21.28184200,84.13404067],[21.28184167,84.13404117],[21.28184117,84.13404217],[21.28184050,84.13404300],[21.28184017,84.13404383],[21.28184100,84.13404300],[21.28184133,84.13404250]]
[[21.28184100,84.13404233],[21.28184100,84.13404233],[21.28184000,84.13404267],[21.28183833,84.13404267],[21.28183617,84.13404283],[21.28183483,84.13404333],[21.28183300,84.13404400],[21.28183150,84.13404483],[21.28183017,84.13404583],[0.00000000,0.00000000],[21.28182867,84.13404683],[21.28182817,84.13404717],[21.28182850,84.13404733],[21.28182933,84.13404717],[21.28183050,84.13404717],[21.28183150,84.13404717],[21.28183267,84.13404700],[21.28183350,84.13404683],[21.28183450,84.13404683],[21.28183550,84.13404683],[21.28183633,84.13404667],[21.28183700,84.13404650],[21.28183767,84.13404650],[21.28183750,84.13404667],[21.28183733,84.13404700],[21.28183733,84.13404733],[21.28183767,84.13404750],[21.28183783,84.13404800],[21.28183850,84.13404783],[21.28183933,84.13404783],[21.28184033,84.13404783],[21.28184150,84.13404767],[21.28184250,84.13404817],[21.28184300,84.13404883],[21.28184350,84.13404950],[21.28184400,84.13405000],[21.28184417,84.13405083],[21.28184400,84.13405183],[21.28184383,84.13405250],[21.28184367,84.13405317],[21.28184383,84.13405350],[21.28184383,84.13405400],[21.28184350,84.13405433],[21.28184350,84.13405467],[21.28184333,84.13405467],[21.28184333,84.13405467],[21.28184333,84.13405500],[21.28184333,84.13405533],[21.28184317,84.13405600],[21.28184317,84.13405683],[21.28184317,84.13405733],[21.28184367,84.13405700],[21.28184433,84.13405617],[21.28184617,84.13405383],[21.28184767,84.13405183],[21.28184900,84.13405033],[21.28185033,84.13404917],[21.28185133,84.13404800],[21.28185250,84.13404683],[21.28185350,84.13404583]]
[[21.28185433,84.13404467],[21.28185450,84.13404367],[21.28185450,84.13404300],[21.28185367,84.13404300],[21.28185283,84.13404317],[21.28185150,84.13404383],[21.28184967,84.13404483],[21.28184817,84.13404567],[21.28184583,84.13404650],[21.28184500,84.13404717],[21.28184417,84.13404783],[21.28184233,84.13404883],[21.28184100,84.13404967],[21.28183967,84.13405033],[21.28183850,84.13405100],[21.28183750,84.13405150],[21.28183700,84.13405183],[21.28183633,84.13405200],[21.28183600,84.13405233],[21.28183600,84.13405217],[21.28183617,84.13405217],[21.28183583,84.13405250],[21.28183517,84.13405283],[21.28183417,84.13405367],[21.28183333,84.13405417],[21.28183217,84.13405467],[21.28183150,84.13405483],[21.28183067,84.13405517],[21.28183033,84.13405533],[21.28183017,84.13405517],[21.28183017,84.13405450],[21.28183033,84.13405433],[21.28183050,84.13405400],[21.28183050,84.13405383],[21.28183067,84.13405367],[21.28183050,84.13405367],[21.28183000,84.13405383],[21.28182967,84.13405367],[21.28182950,84.13405300],[21.28182967,84.13405217],[21.28182983,84.13405150],[21.28182967,84.13405117],[21.28182950,84.13405100],[21.28182933,84.13405033],[21.28182917,84.13405033],[21.28182867,84.13405033],[21.28182817,84.13405083],[21.28182783,84.13405117],[21.28182733,84.13405167],[21.28182717,84.13405200],[21.28182700,84.13405200],[21.28182700,84.13405200],[21.28182700,84.13405217],[21.28182733,84.13405183],[21.28182767,84.13405133],[21.28182767,84.13405083],[21.28182800,84.13405000],[21.28182817,84.13404983],[21.28182783,84.13405017],[21.28182733,84.13405100]]
[[21.28182717,84.13408383],[21.28182567,84.13408467],[21.28182417,84.13408567],[21.28182350,84.13408667],[21.28182300,84.13408800],[21.28182250,84.13408867],[21.28182167,84.13408983],[21.28182083,84.13409033],[21.28181983,84.13409067],[21.28181950,84.13409117],[21.28181933,84.13409200],[21.28181933,84.13409267],[21.28182000,84.13409300],[21.28182050,84.13409300],[21.28182067,84.13409300],[21.28182150,84.13409283],[21.28182217,84.13409233],[21.28182300,84.13409183],[21.28182350,84.13409117],[21.28182417,84.13409017],[21.28182517,84.13408900],[21.28182617,84.13408783],[21.28182733,84.13408667],[21.28182800,84.13408550],[21.28182850,84.13408450],[21.28182900,84.13408383],[21.28182950,84.13408333],[21.28183033,84.13408267],[21.28183117,84.13408167],[21.28183217,84.13408067],[21.28183300,84.13407950],[21.28183400,84.13407850],[21.28183500,84.13407717],[21.28183600,84.13407583],[21.28183650,84.13407467],[21.28183717,84.13407350],[21.28183783,84.13407233],[21.28183833,84.13407100],[21.28183917,84.13406950],[21.28183950,84.13406833],[21.28184033,84.13406667],[21.28184100,84.13406500],[21.28184133,84.13406317],[21.28184133,84.13406150],[21.28184117,84.13405983],[21.28184083,84.13405817],[21.28184033,84.13405700],[21.28183967,84.13405583],[21.28183917,84.13405467],[21.28183717,84.13405317],[21.28183583,84.13405200],[21.28183483,84.13405067],[21.28183467,84.13404950],[21.28183433,84.13404867],[21.28183433,84.13404783],[21.28183450,84.13404717],[21.28183483,84.13404683],[21.28183500,84.13404667],[21.28183550,84.13404567],[21.28183617,84.13404483]]